<?xml version="1.0" encoding="UTF-8"?>
<!DOCTYPE suite SYSTEM "http://testng.org/testng-1.0.dtd">

<suite name="SuiteMAModule">
<!--  
	<listeners>
		<listener class-name="pageTest.TestListener" />
		<listener class-name="pageTest.AnnotationTransformer" />
	</listeners>

	<parameter name="browser" value="Chrome" />
-->
	<test name="TestMAModule">

		<groups>
			<define name="all">
				<include name="regression" />
				<include name="sanity" />
				<include name="MAModule" />
			</define>
			<run>
				<include name="all" />
			</run>
		</groups>

		<classes>
			<class name="pageTest.MAModule.MAModuleTest" />
		</classes>

	</test>

</suite>