<?xml version="1.0" encoding="UTF-8"?>
<!DOCTYPE suite SYSTEM "http://testng.org/testng-1.0.dtd">

<suite name="SuiteCICOModule">

	<listeners>
		<listener class-name="pageTest.TestListener" />
		<listener class-name="pageTest.AnnotationTransformer" />
	</listeners>

	<parameter name="browser" value="Chrome" />

	<test name="TestCICOModule">

		<groups>
			<define name="all">
				<include name="regression" />
				<include name="sanity" />
				<include name="CICOModule" />
			</define>
			<run>
				<include name="all" />
			</run>
		</groups>

		<classes>
			<class name="pageTest.CICOModule.CICOModuleTest" />
		</classes>

	</test>

</suite>